<?xml version="1.0"?>
<config xmlns:xsi="http://www.w3.org/2001/XMLSchema-instance" xsi:noNamespaceSchemaLocation="urn:magento:module:Magento_Config:etc/system_file.xsd">
    <system>
        <tab id="salesforce_tab" translate="label" sortOrder="200">
            <label>Salesforce Settings</label>
        </tab>
        <section id="salesforce_section" translate="label" type="text" sortOrder="100" showInDefault="1" showInWebsite="1" showInStore="1">
            <label>Salesforce Settings</label>
            <tab>salesforce_tab</tab>
            <resource>Bullitt_Salesforce::config</resource>
            <group id="sf_mode" translate="label" type="text" sortOrder="10" showInDefault="1" showInWebsite="1" showInStore="1">
                <label>Salesforce Configuration</label>
                <field id="active" translate="label" type="select" showInDefault="1" showInWebsite="1">
                    <label>Enabled</label>
                    <source_model>Magento\Config\Model\Config\Source\Yesno</source_model>
                </field>
                <field id="host" translate="label" type="text" sortOrder="10" showInDefault="1" showInWebsite="1" >
                    <label>End Point</label>
                    <depends>
                        <field id="*/*/active">1</field>
                    </depends>
                </field>
                <field id="authorizeurl" translate="label" type="text" sortOrder="10" showInDefault="1" showInWebsite="1" >
                    <label>Token Url</label>
                    <depends>
                        <field id="*/*/active">1</field>
                    </depends>
                </field>
                <field id="titlearr" translate="label" type="textarea" sortOrder="15" showInDefault="1">
                    <label>Title Data</label>
                    <comment>Enterlist translate for Title</comment>
                    <depends>
                        <field id="*/*/active">1</field>
                    </depends>
                </field>
                 <field id="paymentarr" translate="label" type="textarea" sortOrder="15" showInDefault="1">
                    <label>Payment Method Title</label>
                    <comment>Enter paymentarr method Title</comment>
                    <depends>
                        <field id="*/*/active">1</field>
                    </depends>
                </field>
                <field id="shiparr" translate="label" type="textarea" sortOrder="15" showInDefault="1">
                    <label>Shipping Method Title</label>
                    <comment>Enter shipping method</comment>
                    <depends>
                        <field id="*/*/active">1</field>
                    </depends>
                </field>
                <field id="ordstatarr" translate="label" type="textarea" sortOrder="15" showInDefault="1">
                    <label>Order Status Title</label>
                    <comment>Enter Order Status method</comment>
                    <depends>
                        <field id="*/*/active">1</field>
                    </depends>
                </field>
                <field id="langarr" translate="label" type="textarea" sortOrder="15" showInDefault="1">
                    <label>Language for store</label>
                    <comment>Enter Language for store</comment>
                    <depends>
                        <field id="*/*/active">1</field>
                    </depends>
                </field>
            </group>
        </section>
    </system>
</config>
