<?xml version="1.0"?>
<!--
/**
 * @author Amasty Team
 * @copyright Copyright (c) 2018 Amasty (https://www.amasty.com)
 * @package Amasty_Rules
 */
-->

<config xmlns:xsi="http://www.w3.org/2001/XMLSchema-instance" xsi:noNamespaceSchemaLocation="urn:magento:framework:ObjectManager/etc/config.xsd">
    <type name="Magento\SalesRule\Model\Rule\Action\Discount\CalculatorFactory">
        <plugin name="Amasty_Rules::CalculatorFactory" type="Amasty\Rules\Plugin\CalculatorFactory" />
    </type>
    <type name="Magento\SalesRule\Model\Rule\Condition\Combine">
        <plugin name="Amasty_Rules::Condition_Combine" type="Amasty\Rules\Plugin\Condition\Combine" />
    </type>
    <type name="Magento\SalesRule\Model\Rule\Condition\Product\Combine">
        <plugin name="Amasty_Rules::Condition_Combine_Product" type="Amasty\Rules\Plugin\Condition\Combine" />
    </type>
    <type name="Magento\SalesRule\Model\Rule\Condition\Product">
        <plugin name="Amasty_Rules::Condition_Product" type="Amasty\Rules\Plugin\Condition\Product" />
    </type>
    <type name="Magento\SalesRule\Model\Rule">
        <plugin name="Amasty_Rules::SalesRule" type="Amasty\Rules\Plugin\SalesRule" />
    </type>

    <type name="Magento\SalesRule\Model\Rule\Metadata\ValueProvider">
        <plugin name="Amasty_Rules::SalesRule_ValueProvider" type="Amasty\Rules\Plugin\ValueProvider" />
    </type>
    <type name="Magento\Rule\Model\Condition\AbstractCondition">
        <plugin name="Amasty_Rules::AbstractCondition" type="Amasty\Rules\Plugin\Model\Condition\AbstractConditionPlugin"/>
    </type>
</config>
