<?xml version="1.0" encoding="UTF-8"?>
<config xmlns:xsi="http://www.w3.org/2001/XMLSchema-instance" xsi:noNamespaceSchemaLocation="urn:magento:framework:ObjectManager/etc/config.xsd">
	<type name="Magento\Backend\Block\Widget\Button\Toolbar">
		<plugin name="orderFormToolbarButtons" type="Loviit\Loviit\Plugin\LoviitButtonList" />
	</type>
	<type name="Magento\Payment\Helper\Data">
		<plugin name="paymentMethodList" type="Loviit\Loviit\Plugin\Data" />
	</type>
	<type name="Magento\Quote\Api\PaymentMethodManagementInterface">
		<plugin name="pluginSavePaymentInformationAndPlaceOrder" type="Loviit\Loviit\Plugin\LoviitSaveOrderPlugin" />
	</type>
	
	<type name="Loviit\Loviit\Model\Registration"></type>
	<preference for="Magento\Quote\Model\BillingAddressManagement" type="Loviit\Loviit\Model\BillingAddressManagement" />
	<preference for="Magento\Sales\Controller\Adminhtml\Order\ReviewPayment" type="Loviit\Loviit\Controller\Adminhtml\Order\LoviitReviewPayment" />
	<preference for="Magento\Checkout\Block\Onepage\Success" type="Loviit\Loviit\Block\Onepage\Success" />
	<preference for="Magento\Checkout\Block\Onepage\Failure" type="Loviit\Loviit\Block\Onepage\Failure" />
	<preference for="Loviit\Loviit\Api\GenerateCheckoutIdInterface" type="Loviit\Loviit\Model\Resource\RemoteGenerateCheckoutId" />
	<preference for="Loviit\Loviit\Api\CompletePaymentInterface" type="Loviit\Loviit\Model\Resource\CompletePayment" />
	<preference for="Loviit\Loviit\Api\ProcessSecurePaymentResponseInterface" type="Loviit\Loviit\Model\Resource\ProcessSecurePaymentResponse" />
	<preference for="Loviit\Loviit\Api\SendLoviitRequestInterface" type="Loviit\Loviit\Model\Resource\SendLoviitRequest" />
	<preference for="Loviit\Loviit\Api\InstallmentsPlansAPIInterface" type="Loviit\Loviit\Model\Resource\InstallmentsPlansAPI" />
	<preference for="Magento\Framework\Webapi\ServiceOutputProcessor" type="Loviit\Loviit\Helper\ServiceOutputProcessor" />

</config>
