<?xml version="1.0" encoding="UTF-8"?>
<config xmlns:xsi="http://www.w3.org/2001/XMLSchema-instance" xsi:noNamespaceSchemaLocation="urn:magento:framework:Event/etc/events.xsd">
	<event name="admin_system_config_changed_section_payment">
		<observer name="custom_admin_system_config_changed_section_payment" instance="Loviit\Loviit\Observer\ConfigObserver"/>
	</event>
	<event name="customer_address_save_after">
		<observer name="custom_customer_addres_save_after_loviit" instance="Loviit\Loviit\Observer\AfterAddressSaveObserver" />
	</event>
	<event name="sales_order_shipment_save_after">
		<observer name="loviit_sales_order_shipment_save_after" instance="Loviit\Loviit\Observer\AfterShippmentSaveObserver" />
	</event>
</config>
