<?xml version="1.0" encoding="UTF-8"?>
<payment xmlns:xsi="http://www.w3.org/2001/XMLSchema-instance"
         xsi:noNamespaceSchemaLocation="../../../Magento/Payment/etc/payment.xsd">
    <groups>
        <group id="loviit">
            <label>Docomo Digital Payment Methods</label>
        </group>
    </groups>
    <methods>
        <method name="loviitcc">
            <allow_multiple_address>1</allow_multiple_address>
        </method>
        <method name="loviitdc">
            <allow_multiple_address>1</allow_multiple_address>
        </method>
        <method name="loviitppal">
            <allow_multiple_address>1</allow_multiple_address>
        </method>
        <method name="loviitsu">
            <allow_multiple_address>1</allow_multiple_address>
        </method>
        <method name="loviitidl">
            <allow_multiple_address>1</allow_multiple_address>
        </method>
        <method name="loviitdd">
            <allow_multiple_address>1</allow_multiple_address>
        </method>
        <method name="loviitiv">
            <allow_multiple_address>1</allow_multiple_address>
        </method>
        <method name="loviitpp">
            <allow_multiple_address>1</allow_multiple_address>
        </method>
        <method name="loviitrp">
            <allow_multiple_address>1</allow_multiple_address>
        </method>
        <method name="loviitrpiv">
            <allow_multiple_address>1</allow_multiple_address>
        </method>
        <method name="loviitic">
            <allow_multiple_address>1</allow_multiple_address>
        </method>
        <method name="loviitrpot">
            <allow_multiple_address>1</allow_multiple_address>
        </method>
        <method name="loviitrpcc">
            <allow_multiple_address>1</allow_multiple_address>
        </method>
        <method name="loviitrppp">
            <allow_multiple_address>1</allow_multiple_address>
        </method>
        <method name="loviitrpva">
            <allow_multiple_address>1</allow_multiple_address>
        </method>
        <method name="loviitpl">
            <allow_multiple_address>1</allow_multiple_address>
        </method>
    </methods>
</payment>