<?xml version="1.0"?>
<!--
/**
 * Puma_ListingFilter extension
 * @category  Puma
 * @package   Puma_ListingFilter
 * @copyright Copyright (c) 2018
 * @author    Prashanr Chaudhary
 */
-->
<config xmlns:xsi="http://www.w3.org/2001/XMLSchema-instance" xsi:noNamespaceSchemaLocation="urn:magento:framework:Acl/etc/acl.xsd">
    <acl>
        <resources>
            <resource id="Magento_Backend::admin">
                <resource id="Puma_ListingFilter::listingfilter" title="Puma" sortOrder="25">
                    <resource id="Puma_ListingFilter::listingfilter_grid" title="Grids" sortOrder="10"/>
                </resource>
                <resource id="Magento_Backend::stores">
                    <resource id="Magento_Backend::stores_settings">
                        <resource id="Magento_Config::config">
                            <resource id="Puma_ListingFilter::listingfilter_config" title="Puma"/>
                        </resource>
                    </resource>
                </resource>
            </resource>
        </resources>
    </acl>
</config>
