<?xml version="1.0"?>
<!--
/**
 * Puma_ListingFilter extension
 * @category  Puma
 * @package   Puma_ListingFilter
 * @copyright Copyright (c) 2018
 * @author    Prashanr Chaudhary
 */
-->
<config xmlns:xsi="http://www.w3.org/2001/XMLSchema-instance" xsi:noNamespaceSchemaLocation="urn:magento:framework:ObjectManager/etc/config.xsd">
    <preference for="Puma\ListingFilter\Api\GridRepositoryInterface" type="Puma\ListingFilter\Model\GridRepository"/>
    <preference for="Puma\ListingFilter\Api\Data\GridInterface" type="Puma\ListingFilter\Model\Grid"/>
    <preference for="Puma\ListingFilter\Api\Data\GridSearchResultInterface" type="Magento\Framework\Api\SearchResults"/>
    <type name="Puma\ListingFilter\Model\ResourceModel\Grid\Grid\Collection">
        <arguments>
            <argument name="mainTable" xsi:type="string">negotiable_quote_grid</argument>
            <argument name="eventPrefix" xsi:type="string">negotiable_quote_grid_grid_collection</argument>
            <argument name="eventObject" xsi:type="string">grid_grid_collection</argument>
            <argument name="resourceModel" xsi:type="string">Puma\ListingFilter\Model\ResourceModel\Grid</argument>
        </arguments>
    </type>
    <type name="Magento\Framework\View\Element\UiComponent\DataProvider\CollectionFactory">
        <arguments>
            <argument name="collections" xsi:type="array">
                <item name="negotiable_quote_grid_data_source" xsi:type="string">Puma\ListingFilter\Model\ResourceModel\Grid\Grid\Collection</item>
            </argument>
        </arguments>
    </type>
</config>
