<?xml version="1.0"?>
<config xmlns:xsi="http://www.w3.org/2001/XMLSchema-instance" xsi:noNamespaceSchemaLocation="urn:magento:framework:ObjectManager/etc/config.xsd">
	<type name="Magento\Checkout\Block\Checkout\AttributeMerger">
    	<plugin name="shippingAddress" type="Bullitt\Placeholder\Plugin\Checkout\Block\Checkout\AttributeMerger\Plugin"/>
  	</type>
  	<type name="Magento\Customer\Block\Widget\Name">
    	<plugin name="registerAddress" type="Bullitt\Placeholder\Plugin\Customer\Block\Widget\Name\Plugin"/>
  	</type>
  	<type name="Magento\Framework\View\Element\Html\Date">
    	<plugin name="registerDate" type="Bullitt\Placeholder\Plugin\View\Element\Html\Date\Plugin"/>
  	</type>
  	<type name="Magento\Checkout\Block\Checkout\LayoutProcessor">
        <plugin name="tele-phone" type="Bullitt\Placeholder\Plugin\Checkout\Block\Checkout\LayoutProcessorPlugin"/>
    </type>
    <type name="Magento\Backend\Block\Widget\Button\Toolbar">
        <plugin name="removeCancelFormToolbarButtons" type="Bullitt\Placeholder\Plugin\Block\Widget\Button\Toolbar" />
    </type>
</config>