<?xml version="1.0"?>
<config xmlns:xsi="http://www.w3.org/2001/XMLSchema-instance" xsi:noNamespaceSchemaLocation="urn:magento:module:Magento_Config:etc/system_file.xsd">
    <system>
        <tab id="bullitt_tab" translate="label" sortOrder="200">
            <label>Bullitt Settings</label>
        </tab>
        <section id="bullitt_section" translate="label" type="text" sortOrder="100" showInDefault="1" showInWebsite="1" showInStore="1">
            <label>3PL SFTP Settings</label>
            <tab>bullitt_tab</tab>
            <resource>Bullitt_ThreePL::config</resource>
            <group id="sftp_data_group_ck" translate="label" type="text" sortOrder="10" showInDefault="1" showInWebsite="1" showInStore="1">
                <label>SFTP Configuration For 3PL CK</label>
                <field id="active" translate="label" type="select" showInDefault="1" showInWebsite="1">
                    <label>Enabled</label>
                    <source_model>Magento\Config\Model\Config\Source\Yesno</source_model>
                </field>
                <field id="host" translate="label" type="text" sortOrder="10" showInDefault="1" showInWebsite="1" >
                    <label>Host Name/ IP</label>
                    <depends>
                        <field id="*/*/active">1</field>
                    </depends>
                </field>
                <field id="user" translate="label" type="text" sortOrder="20" showInDefault="1" showInWebsite="1" >
                    <label>User Name</label>
                    <depends>
                        <field id="*/*/active">1</field>
                    </depends>
                </field>
                <field id="pass" translate="label" type="password" sortOrder="30" showInDefault="1" showInWebsite="1" >
                    <label>Password</label>
                    <depends>
                        <field id="*/*/active">1</field>
                    </depends>
                </field>
            </group>
            <group id="sftp_data_group_eb" translate="label" type="text" sortOrder="20" showInDefault="1" showInWebsite="1" showInStore="1">
                <label>SFTP Configuration For 3PL EB</label>
                <field id="active" translate="label" type="select" showInDefault="1" showInWebsite="1" >
                    <label>Enabled</label>
                    <source_model>Magento\Config\Model\Config\Source\Yesno</source_model>
                </field>
                <field id="host" translate="label" type="text" sortOrder="10" showInDefault="1" showInWebsite="1" >
                    <label>Host Name/ IP</label>
                    <depends>
                        <field id="*/*/active">1</field>
                    </depends>
                </field>
                <field id="user" translate="label" type="text" sortOrder="20" showInDefault="1" showInWebsite="1" >
                    <label>User Name</label>
                    <depends>
                        <field id="*/*/active">1</field>
                    </depends>
                </field>
                <field id="pass" translate="label" type="password" sortOrder="30" showInDefault="1" showInWebsite="1" >
                    <label>Password</label>
                    <depends>
                        <field id="*/*/active">1</field>
                    </depends>
                </field>
            </group>
            <group id="sftp_data_group_bullitt" translate="label" type="text" sortOrder="30" showInDefault="1" showInWebsite="1" showInStore="1">
                <label>SFTP Configuration For Bullitt</label>
                <field id="active" translate="label" type="select" showInDefault="1" showInWebsite="1" >
                    <label>Enabled</label>
                    <source_model>Magento\Config\Model\Config\Source\Yesno</source_model>
                </field>
                <field id="host" translate="label" type="text" sortOrder="10" showInDefault="1" showInWebsite="1" >
                    <label>Host Name/ IP</label>
                    <depends>
                        <field id="*/*/active">1</field>
                    </depends>
                </field>
                <field id="user" translate="label" type="text" sortOrder="20" showInDefault="1" showInWebsite="1" >
                    <label>User Name</label>
                    <depends>
                        <field id="*/*/active">1</field>
                    </depends>
                </field>
                <field id="pass" translate="label" type="password" sortOrder="30" showInDefault="1" showInWebsite="1" >
                    <label>Password</label>
                    <depends>
                        <field id="*/*/active">1</field>
                    </depends>
                </field>
            </group>
        </section>
        <section id="bullitt_cron" translate="label" type="text" sortOrder="200" showInDefault="1" showInWebsite="1" showInStore="1">
            <label>3PL Cron Settings</label>
            <tab>bullitt_tab</tab>
            <resource>Bullitt_ThreePL::config</resource>
            <group id="bullitt_cron_manual" translate="label" type="text" sortOrder="10" showInDefault="1" showInWebsite="1" showInStore="1">
                <label>Cron Run Manually</label>
                
                <field id="inventory_cron" translate="label comment" type="button" sortOrder="10" showInDefault="1" showInWebsite="1" showInStore="0">
                    <frontend_model>Bullitt\ThreePL\Block\System\Config\Inventory</frontend_model>
                    <label>Inventory Update Cron Run For : </label>
                </field>
                
                <field id="order_processed_cron" translate="label comment" type="button" sortOrder="10" showInDefault="1" showInWebsite="1" showInStore="0">
                    <frontend_model>Bullitt\ThreePL\Block\System\Config\Orderprocessed</frontend_model>
                    <label>Order Update (Processed) Cron Run</label>
                </field>
                
                <field id="order_dispatch_cron" translate="label comment" type="button" sortOrder="10" showInDefault="1" showInWebsite="1" showInStore="0">
                    <frontend_model>Bullitt\ThreePL\Block\System\Config\Orderdispatch</frontend_model>
                    <label>Order Update (Dispatch) Cron Run</label>
                </field>
                
                <field id="order_return_cron" translate="label comment" type="button" sortOrder="10" showInDefault="1" showInWebsite="1" showInStore="0">
                    <frontend_model>Bullitt\ThreePL\Block\System\Config\Orderreturn</frontend_model>
                    <label>Order Update (Return) Cron Run</label>
                </field>
            </group>
        </section>
        <section id="low_stock_email" translate="label" type="text" sortOrder="300" showInDefault="1" showInWebsite="1" showInStore="1">
            <label>Low Stock Admin Email</label>
            <tab>bullitt_tab</tab>
            <resource>Bullitt_ThreePL::config</resource>
            <group id="low_stock_group" translate="label" type="text" sortOrder="10" showInDefault="1" showInWebsite="1" showInStore="1">
                <label>Low Stock Admin Email Details</label>
                <field id="email_sender" translate="label" type="select" sortOrder="20" showInDefault="1" showInWebsite="1" showInStore="1">
                        <label><![CDATA[Email Sender]]></label>
                        <source_model>Magento\Config\Model\Config\Source\Email\Identity</source_model>
                </field>
                <field id="email_reciver_ids" translate="label" type="text" sortOrder="30" showInDefault="1" showInWebsite="1" showInStore="1">
                    <label><![CDATA[Email address to receive notifications.]]></label>
                </field>
                <field id="email_template" translate="label" type="select" sortOrder="40" showInDefault="1" showInWebsite="1" showInStore="1">
                    <label><![CDATA[Email Template]]></label>
                    <source_model>Magento\Config\Model\Config\Source\Email\Template</source_model>
                </field>
            </group>
        </section>
    </system>
</config>
