<?xml version="1.0"?>
<config xmlns:xsi="http://www.w3.org/2001/XMLSchema-instance" xsi:noNamespaceSchemaLocation="urn:magento:module:Magento_Config:etc/system_file.xsd">
    <system>
        <tab id="customsitemap_tab" translate="label" sortOrder="200">
            <label>customsitemap Settings</label>
        </tab>
        <section id="customsitemap_section" translate="label" type="text" sortOrder="100" showInDefault="1" showInWebsite="1" showInStore="1">
            <label>Customsitemap Settings</label>
            <tab>customsitemap_tab</tab>
            <resource>Bullitt_Customsitemap::config</resource>
            <group id="customsitemap_mode" translate="label" type="text" sortOrder="10" showInDefault="1" showInWebsite="1" showInStore="1">
                <label>Customsitemap Configuration</label>
                <field id="active" translate="label" type="select" showInDefault="1" showInWebsite="1">
                    <label>Enabled</label>
                    <source_model>Magento\Config\Model\Config\Source\Yesno</source_model>
                </field>
                <field id="host" translate="label" type="text" sortOrder="10" showInDefault="1" showInWebsite="1" showInStore="1">
                    <label>Host</label>
                    <depends>
                        <field id="*/*/active">1</field>
                    </depends>
                </field>
                <field id="csmuser" translate="label" type="text" sortOrder="10" showInDefault="1" showInWebsite="1" showInStore="1">
                    <label>User</label>
                    <depends>
                        <field id="*/*/active">1</field>
                    </depends>
                </field>
                <field id="csmpwd" translate="label" type="text" sortOrder="10" showInDefault="1" showInWebsite="1" showInStore="1" >
                    <label>Password</label>
                    <depends>
                        <field id="*/*/active">1</field>
                    </depends>
                </field>
                <field id="csmdb" translate="label" type="text" sortOrder="10" showInDefault="1" showInWebsite="1" showInStore="1" >
                    <label>WP Db name</label>
                    <depends>
                        <field id="*/*/active">1</field>
                    </depends>
                </field>
            </group>
        </section>
    </system>
</config>