<?xml version="1.0"?>
<config xmlns:xsi="http://www.w3.org/2001/XMLSchema-instance" xsi:noNamespaceSchemaLocation="urn:magento:framework:Event/etc/events.xsd">
    <event name="checkout_onepage_controller_success_action">
        <observer name="bullitt_threepl_frontend_observer" instance="Bullitt\ThreePL\Observer\Frontendorder"/>		 
    </event>
<!--    <event name="salesrule_validator_process">
        <observer name="salesrule_validator_process_observer" instance="Bullitt\ThreePL\Observer\Friends"/>		 
    </event>-->
<!--    <event name="sales_quote_collect_totals_before">
        <observer name="sales_quote_collect_totals_before_event_observer" instance="Bullitt\ThreePL\Observer\Friends"/>		 
    </event>-->
</config>