<?xml version="1.0"?>
<config xmlns:xsi="http://www.w3.org/2001/XMLSchema-instance" xsi:noNamespaceSchemaLocation="urn:magento:module:Magento_Config:etc/system_file.xsd">
    <system>
        <section id="ga_section" translate="label" type="text" sortOrder="400" showInDefault="1" showInWebsite="1" showInStore="1">
            <label>Google Analytics Settings</label>
            <tab>bullitt_tab</tab>
            <resource>Bullitt_Customdesign::config</resource>
            <group id="ga_group" translate="label" type="text" sortOrder="10" showInDefault="1">
                <label>Google Analytics Account Information</label>
                <field id="account_no" translate="label" type="text" sortOrder="10" showInDefault="1">
                    <label><![CDATA[Google Analytics Account Number]]></label>
                </field>
                <field id="env_type" translate="label" type="text" sortOrder="20" showInDefault="1">
                    <label><![CDATA[Environment type (staging/live)]]></label>
                </field>
                <field id="web_gains_event_id" translate="label" showInDefault="1" showInWebsite="1" showInStore="1" sortOrder="20" type="text">
                    <label>WebGains EventId</label>
                </field>
            </group>
        </section>
    </system>
</config>