<?xml version="1.0"?>
<config xmlns:xsi="http://www.w3.org/2001/XMLSchema-instance" xsi:noNamespaceSchemaLocation="urn:magento:module:Magento_Config:etc/system_file.xsd">
    <system>
        <tab id="custommailchimp_tab" translate="label" sortOrder="200">
            <label>Custom Mailchimp</label>
        </tab>
        <section id="custommailchimp_section" translate="label" type="text" sortOrder="100" showInDefault="1" showInWebsite="1" showInStore="1">
            <label>Mailchimp Settings</label>
            <tab>custommailchimp_tab</tab>
            <resource>Bullitt_Mailchimp::config</resource>
           <group id="custommailchimp_group" translate="label" type="text" sortOrder="10" showInDefault="1">
                <label>Mailchimp Account Information</label>
                <field id="active" translate="label" type="select" showInDefault="1">
                    <label>Enabled</label>
                    <source_model>Magento\Config\Model\Config\Source\Yesno</source_model>
                </field>
                <field id="api_key" translate="label" type="text" sortOrder="10" showInDefault="1">
                    <label><![CDATA[API key for Mailchimp]]></label>
                    <depends>
                        <field id="*/*/active">1</field>
                    </depends>
                    <comment>Enter API keys from Mailchimp dashboard</comment>
                </field>
                <field id="list_id" translate="label" type="text" sortOrder="20" showInDefault="1">
                    <label><![CDATA[List ID for newsletter subscription]]></label>
                    <depends>
                        <field id="*/*/active">1</field>
                    </depends>
                    <comment>Enter List ID for newsletter subscription from Mailchimp dashboard</comment>
                </field>
                <field id="source" translate="label" type="text" sortOrder="30" showInDefault="1">
                    <label><![CDATA[Merge Field Name for Source]]></label>
                    <depends>
                        <field id="*/*/active">1</field>
                    </depends>
                    <comment>Enter Merge Field name for Source from Mailchimp Merg Field setting</comment>
                </field>
                <field id="locale" translate="label" type="text" sortOrder="40" showInDefault="1">
                    <label><![CDATA[Merge Field Name for Locale]]></label>
                    <depends>
                        <field id="*/*/active">1</field>
                    </depends>
                    <comment>Enter Merge Field name for Locale from Mailchimp Merg Field setting</comment>
                </field>
                <field id="subscriber" translate="label" type="text" sortOrder="50" showInDefault="1">
                    <label><![CDATA[Merge Field Name for Subscriber Id]]></label>
                    <depends>
                        <field id="*/*/active">1</field>
                    </depends>
                    <comment>Enter Merge Field name for Subscriber from Mailchimp Merg Field setting</comment>
                </field>
                <field id="api_endpoint" translate="label" type="text" sortOrder="10" showInDefault="1">
                    <label><![CDATA[API End point for Mailchimp]]></label>
                    <depends>
                        <field id="*/*/active">1</field>
                    </depends>
                    <comment>Enter API Endpoint from Mailchimp dashboard</comment>
                </field>
            </group>
        </section>
    </system>
</config>