<?xml version="1.0" encoding="UTF-8"?>
<!--Add New Field in Backend to display Fine Trade PDF -->
<config xmlns:xsi="http://www.w3.org/2001/XMLSchema-instance" xsi:noNamespaceSchemaLocation="urn:magento:module:Magento_Config:etc/system_file.xsd">
    <system>
    	<section id="loviit">
    			<group id="settings">
    				<field id="docomo_conditions" translate="label" type="text" sortOrder="18" showInDefault="1" showInWebsite="1" showInStore="1" canRestore="0">
                    <label>Docomo Conditions url</label>
                    <frontend_model>Loviit\Loviit\Block\Adminhtml\System\Config\Form\Field\Disable</frontend_model>
                </field>
    			</group>
    	</section>
    </system>
</config>