<?xml version="1.0"?>
<config xmlns:xsi="http://www.w3.org/2001/XMLSchema-instance" xsi:noNamespaceSchemaLocation="urn:magento:module:Magento_Config:etc/system_file.xsd">
    <system>
        <tab id="preorder_tab" translate="label" sortOrder="200">
            <label>Preorder</label>
        </tab>
        <section id="preorder_section" translate="label" type="text" sortOrder="100" showInDefault="1" showInWebsite="1" showInStore="1">
            <label>Preorder Settings</label>
            <tab>preorder_tab</tab>
            <resource>Bullitt_Preorder::config</resource>
            <group id="preorder_mode" translate="label" type="text" sortOrder="10" showInDefault="1" showInWebsite="1" showInStore="1">
                <label>Preorder Configuration</label>
                <field id="productsku" translate="label" type="text" sortOrder="10" showInDefault="1" showInWebsite="1" showInStore="1">
                    <label>Comma Separated Product SKU</label>
                    <depends>
                        <field id="*/*/active">1</field>
                    </depends>
                </field>
            </group>
        </section>
    </system>
</config>