<?xml version="1.0"?>
<config xmlns:xsi="http://www.w3.org/2001/XMLSchema-instance" xsi:noNamespaceSchemaLocation="urn:magento:module:Magento_Config:etc/system_file.xsd">
    <system>
        <section id="orderexport" translate="label" sortOrder="130" showInDefault="1" showInStore="1" showInWebsite="0">
            <tab>xtento</tab>
            <label>Order Export Module</label>
            <resource>Xtento_OrderExport::configuration</resource>
            <group id="general" translate="label" showInDefault="1" sortOrder="10">
                <label>Extension Configuration</label>
                <attribute type="expanded">1</attribute>
                <frontend_model>Xtento\XtCore\Block\System\Config\Form\Xtento\Module</frontend_model>
                <fieldset_css>Xtento_OrderExport|Xtento\OrderExport\Model\System\Config\Backend\Server</fieldset_css>
                <comment>
                    <![CDATA[
                    <script>
                    requirejs(['jquery', 'prototype'], function() {
                        function setCommentHtml(message) {
                            if (Prototype.Browser.IE) {
                                $('orderexport_general_serial').next('p').outerHTML = message;
                            } else {
                                $('orderexport_general_serial').next('p').innerHTML = message;
                            }
                        }

                        function initSystemConfiguration() {
                            if ($('orderexport_general_server_name')) {
                                $('orderexport_general_server_name').style.backgroundColor='#f0f0f0';
                                $('orderexport_general_server_name').disable();
                                if ($('row_orderexport_general_server')) {
                                    $('row_orderexport_general_server').hide();
                                }
                            }

                            if ($('orderexport_general_serial') && $('orderexport_general_serial').value !== '' && $('orderexport_general_server') && $('orderexport_general_server').value !== '') {
                                if ($('orderexport_general_serial').value.length !== 40) {
                                    setCommentHtml('<a href="http://www.xtento.com" target="_blank"><img src="//www.xtento.com/license/check/?d='+$('orderexport_general_server').value+'" border="0" style="margin-top: 4px;"/></a>');
                                } else {
                                    if (typeof $('orderexport_general_serial').nextSibling !== 'undefined' && typeof $('orderexport_general_serial').nextSibling.nextSibling !== 'undefined') {
                                        setCommentHtml('<a href="http://www.xtento.com" target="_blank"><img src="//www.xtento.com/license/check/?d='+$('orderexport_general_server').value+'" border="0" style="margin-top: 4px;"/></a>');
                                    }
                                }
                            } else {
                                if ($('orderexport_general_server').value !== '') {
                                    setCommentHtml('<a href="http://www.xtento.com" target="_blank"><img src="//www.xtento.com/license/check/?d='+$('orderexport_general_server').value+'" border="0" style="margin-top: 4px;"/></a>');
                                }
                            }
                        }
                        jQuery(document).ready(function () {
                            initSystemConfiguration();
                        });
                    });
                    </script>
                    ]]>
                </comment>
                <field id="heading" translate="label" sortOrder="10" showInDefault="1">
                    <label>General Configuration</label>
                    <frontend_model>Magento\Config\Block\System\Config\Form\Field\Heading</frontend_model>
                </field>
                <field id="server_name" translate="label" sortOrder="20" showInDefault="1">
                    <label>Server Name</label>
                    <frontend_model>Xtento\XtCore\Block\System\Config\Form\Xtento\Servername</frontend_model>
                </field>
                <field id="serial" translate="label" sortOrder="30" showInDefault="1">
                    <label>License Key</label>
                    <comment>Please enter your license key here.</comment>
                    <backend_model>Xtento\XtCore\Model\System\Config\Backend\License</backend_model>
                </field>
                <field id="enabled" translate="label" type="select" sortOrder="40" showInDefault="1">
                    <label>Module Enabled</label>
                    <comment>A valid license key is required in order to enable the module.</comment>
                    <source_model>Magento\Config\Model\Config\Source\Yesno</source_model>
                </field>
                <field id="server" translate="label" type="hidden" sortOrder="50" showInDefault="1">
                    <label/>
                    <backend_model>Xtento\OrderExport\Model\System\Config\Backend\Server</backend_model>
                </field>
                <field id="debug_section" translate="label" sortOrder="60" showInDefault="1">
                  <label>Debug Section</label>
                  <frontend_model>Magento\Config\Block\System\Config\Form\Field\Heading</frontend_model>
                </field>
                <field id="debug" translate="label" sortOrder="70" type="select" showInDefault="1">
                  <label>Debug Mode Enabled</label>
                  <source_model>Magento\Config\Model\Config\Source\Yesno</source_model>
                </field>
                <field id="debug_email" translate="label" sortOrder="80" type="text" showInDefault="1">
                  <label>Debug E-Mail</label>
                  <comment>Enter your email address if you want to be notified about failed exports.</comment>
                </field>
                <field id="disable_cron_warning" translate="label" sortOrder="90" type="select" showInDefault="1">
                  <label>Disable Cronjob Warning</label>
                  <comment>Set this to "Yes" if you don't want to be notified about problems with the cronjob</comment>
                  <source_model>Magento\Config\Model\Config\Source\Yesno</source_model>
                </field>
            </group>
        </section>
    </system>
</config>
<!--
/**
 * Product:       Xtento_OrderExport (2.5.1)
 * ID:            0n3LWDEZ4CR4J0boDJL2nidontPA5OkyR0uG3+vb6z0=
 * Packaged:      2018-03-12T10:50:21+00:00
 * Last Modified: 2017-07-26T13:31:49+00:00
 * File:          app/code/Xtento/OrderExport/etc/adminhtml/system.xml
 * Copyright:     Copyright (c) 2018 XTENTO GmbH & Co. KG <info@xtento.com> / All rights reserved.
 */
-->