<?xml version="1.0"?>
<wordpress>
	<database>
		<tables>
			<table id="wordpress_menu" name="terms" when="before_connect"/>
			<table id="wordpress_menu_item" name="posts" when="before_connect"/>
			<table id="wordpress_post" name="posts" when="before_connect" meta="postmeta" />
			<table id="wordpress_post_comment" name="comments" when="before_connect" meta="commentmeta" />
			<table id="wordpress_option" name="options" when="before_connect" />
			<table id="wordpress_term" name="terms" when="before_connect" />
			<table id="wordpress_term_relationship" name="term_relationships" when="before_connect" />
			<table id="wordpress_term_taxonomy" name="term_taxonomy" when="before_connect" />
			<table id="wordpress_user" name="users" when="before_connect" meta="usermeta"/>
		</tables>
	</database>
	<sidebar>
		<widgets>
			<widget id="search" class="FishPig\WordPress\Block\Sidebar\Widget\Search" />
			<widget id="pages" class="FishPig\WordPress\Block\Sidebar\Widget\Pages" />
			<widget id="recent-posts" class="FishPig\WordPress\Block\Sidebar\Widget\Posts" />
			<widget id="recent-comments" class="FishPig\WordPress\Block\Sidebar\Widget\Comments" />
			<widget id="archives" class="FishPig\WordPress\Block\Sidebar\Widget\Archives" />
			<widget id="categories" class="FishPig\WordPress\Block\Sidebar\Widget\Categories" />
			<widget id="tag_cloud" class="FishPig\WordPress\Block\Sidebar\Widget\Cloud" />
			<widget id="text" class="FishPig\WordPress\Block\Sidebar\Widget\Text" />
			<widget id="meta" class="FishPig\WordPress\Block\Sidebar\Widget\Meta" />
			<widget id="rss" class="FishPig\WordPress\Block\Sidebar\Widget\Rss" />
			<widget id="nav_menu" class="FishPig\WordPress\Block\Sidebar\Widget\NavMenu" />
			<widget id="calendar" class="FishPig\WordPress\Block\Sidebar\Widget\Calendar" />
		</widgets>
	</sidebar>
	<shortcodes>
		<shortcode id="oembed" class="FishPig\WordPress\Shortcode\oEmbed" sortOrder="10" />
		<shortcode id="gallery" class="FishPig\WordPress\Shortcode\Gallery" sortOrder="20" />
		<shortcode id="caption" class="FishPig\WordPress\Shortcode\Caption" sortOrder="30" />
	</shortcodes>
</wordpress>
