<?xml version="1.0"?>
<config xmlns:xsi="http://www.w3.org/2001/XMLSchema-instance" xsi:noNamespaceSchemaLocation="urn:magento:module:Magento_Config:etc/system_file.xsd">
    <system>
        <tab id="tradein_tab" translate="label" sortOrder="200">
            <label>tradein Settings</label>
        </tab>
        <section id="tradein_section" translate="label" type="text" sortOrder="100" showInDefault="1" showInWebsite="1" showInStore="1">
            <label>tradein Settings</label>
            <tab>tradein_tab</tab>
            <resource>Bullitt_Tradein::config</resource>
            <group id="tradein_mode" translate="label" type="text" sortOrder="10" showInDefault="1" showInWebsite="1" showInStore="1">
                <label>Tradein Configuration</label>
                <field id="active" translate="label" type="select" showInDefault="1" showInWebsite="1">
                    <label>Enabled</label>
                    <source_model>Magento\Config\Model\Config\Source\Yesno</source_model>
                </field>
                <field id="host" translate="label" type="text" sortOrder="10" showInDefault="1" showInWebsite="1" showInStore="1">
                    <label>Host</label>
                    <depends>
                        <field id="*/*/active">1</field>
                    </depends>
                </field>
                <field id="traduser" translate="label" type="text" sortOrder="10" showInDefault="1" showInWebsite="1" showInStore="1">
                    <label>User</label>
                    <depends>
                        <field id="*/*/active">1</field>
                    </depends>
                </field>
                <field id="tradpwd" translate="label" type="text" sortOrder="10" showInDefault="1" showInWebsite="1" showInStore="1" >
                    <label>Password</label>
                    <depends>
                        <field id="*/*/active">1</field>
                    </depends>
                </field>
                <field id="sfformaction" translate="label" type="text" sortOrder="10" showInDefault="1" showInWebsite="1" showInStore="1" >
                    <label>SF Form Url</label>
                    <depends>
                        <field id="*/*/active">1</field>
                    </depends>
                </field>
                <field id="sfformimei" translate="label" type="text" sortOrder="10" showInDefault="1" showInWebsite="1" showInStore="1" >
                    <label>SF Form IMEI</label>
                    <depends>
                        <field id="*/*/active">1</field>
                    </depends>
                </field>
            </group>
        </section>
    </system>
</config>