<?xml version="1.0"?>
<!--
/**
 * Puma_EmbodeeIntegration extension
 * @category  Puma
 * @package   Puma_EmbodeeIntegration
 * @copyright Copyright (c) 2018
 * @author    Prashant Chaudhary
 */
-->
<config xmlns:xsi="http://www.w3.org/2001/XMLSchema-instance"
        xsi:noNamespaceSchemaLocation="urn:magento:framework:Acl/etc/acl.xsd">
    <acl>
        <resources>
            <resource id="Magento_Backend::admin">
                <resource id="Puma_EmbodeeIntegration::embodeeintegration" title="Puma Embodee Interface"
                          sortOrder="35">
                    <resource id="Puma_EmbodeeIntegration::embodeeintegration_udcustomerrecord"
                              title="UD Customer Records" sortOrder="10"/>
                    <resource id="Puma_EmbodeeIntegration::embodeeintegration_precartrecord"
                              title="Pre Cart Record" sortOrder="20"/>
                </resource>
                <resource id="Magento_Backend::stores">
                    <resource id="Magento_Backend::stores_settings">
                        <resource id="Magento_Config::config">
                            <resource id="Puma_EmbodeeIntegration::embodeeintegration_config"
                                      title="Puma Embodee Interface"/>
                        </resource>
                    </resource>
                </resource>
            </resource>
        </resources>
    </acl>
</config>
