<?xml version="1.0"?>
<!--
/**
 * Puma_EmbodeeIntegration extension
 * @category  Puma
 * @package   Puma_EmbodeeIntegration
 * @copyright Copyright (c) 2018
 * @author    Prashant Chaudhary
 */
-->
<config xmlns:xsi="http://www.w3.org/2001/XMLSchema-instance"
        xsi:noNamespaceSchemaLocation="urn:magento:framework:ObjectManager/etc/config.xsd">
    <preference for="Puma\EmbodeeIntegration\Api\UdcustomerrecordRepositoryInterface"
                type="Puma\EmbodeeIntegration\Model\UdcustomerrecordRepository"/>
    <preference for="Puma\EmbodeeIntegration\Api\Data\UdcustomerrecordInterface"
                type="Puma\EmbodeeIntegration\Model\Udcustomerrecord"/>
    <preference for="Puma\EmbodeeIntegration\Api\Data\UdcustomerrecordSearchResultInterface"
                type="Magento\Framework\Api\SearchResults"/>
    <preference for="Puma\EmbodeeIntegration\Api\PrecartrecordRepositoryInterface"
                type="Puma\EmbodeeIntegration\Model\PrecartrecordRepository"/>
    <preference for="Puma\EmbodeeIntegration\Api\Data\PrecartrecordInterface"
                type="Puma\EmbodeeIntegration\Model\Precartrecord"/>
    <preference for="Puma\EmbodeeIntegration\Api\Data\PrecartrecordSearchResultInterface"
                type="Magento\Framework\Api\SearchResults"/>    
    <type name="Puma\EmbodeeIntegration\Model\ResourceModel\Udcustomerrecord\Grid\Collection">
        <arguments>
            <argument name="mainTable" xsi:type="string">puma_embodeeintegration_udcustomerrecord</argument>
            <argument name="eventPrefix" xsi:type="string">puma_embodeeintegration_udcustomerrecord_grid_collection
            </argument>
            <argument name="eventObject" xsi:type="string">udcustomerrecord_grid_collection</argument>
            <argument name="resourceModel" xsi:type="string">
                Puma\EmbodeeIntegration\Model\ResourceModel\Udcustomerrecord
            </argument>
        </arguments>
    </type>
    <type name="Puma\EmbodeeIntegration\Model\ResourceModel\Precartrecord\Grid\Collection">
        <arguments>
            <argument name="mainTable" xsi:type="string">puma_embodeeintegration_precartrecord</argument>
            <argument name="eventPrefix" xsi:type="string">puma_embodeeintegration_precartrecord_grid_collection</argument>
            <argument name="eventObject" xsi:type="string">precartrecord_grid_collection</argument>
            <argument name="resourceModel" xsi:type="string">Puma\EmbodeeIntegration\Model\ResourceModel\Precartrecord</argument>
        </arguments>
    </type>
    <type name="Magento\Framework\View\Element\UiComponent\DataProvider\CollectionFactory">
        <arguments>
            <argument name="collections" xsi:type="array">
                <item name="puma_embodeeintegration_udcustomerrecord_listing_data_source" xsi:type="string">
                    Puma\EmbodeeIntegration\Model\ResourceModel\Udcustomerrecord\Grid\Collection
                </item>
                <item name="puma_embodeeintegration_precartrecord_listing_data_source" xsi:type="string">
                    Puma\EmbodeeIntegration\Model\ResourceModel\Precartrecord\Grid\Collection</item>
            </argument>
        </arguments>
    </type>
</config>
