<?xml version="1.0"?>

<routes xmlns:xsi="http://www.w3.org/2001/XMLSchema-instance"
        xsi:noNamespaceSchemaLocation="urn:magento:module:Magento_Webapi:etc/webapi.xsd">
    <route url="/V1/puma/userdesign/:udcustomerrecordId" method="GET">
        <service class="Puma\EmbodeeIntegration\Api\UdcustomerrecordRepositoryInterface" method="getById"/>
        <resources>
            <resource ref="anonymous"/>
        </resources>
    </route>

    <route url="/V1/puma/userdesign/search" method="GET">
        <service class="Puma\EmbodeeIntegration\Api\UdcustomerrecordRepositoryInterface" method="getList"/>
        <resources>
            <resource ref="anonymous"/>
        </resources>
    </route>

    <route url="/V1/puma/userdesign" method="POST">
        <service class="Puma\EmbodeeIntegration\Api\UdcustomerrecordRepositoryInterface" method="save"/>
        <resources>
            <resource ref="anonymous"/>
        </resources>
    </route>

    <route url="/V1/puma/userdesign/:udcustomerrecordId" method="PUT">
        <service class="Puma\EmbodeeIntegration\Api\UdcustomerrecordRepositoryInterface" method="save"/>
        <resources>
            <resource ref="anonymous"/>
        </resources>
    </route>



    <route url="/V1/puma/userdesign/:udcustomerrecordId" method="DELETE">
        <service class="Puma\EmbodeeIntegration\Api\UdcustomerrecordRepositoryInterface" method="deleteById"/>
        <resources>
            <resource ref="anonymous"/>
        </resources>
    </route>
    
    
    
    
    <route url="/V1/puma/userdesign/:precartitemId" method="GET">
        <service class="Puma\EmbodeeIntegration\Api\PrecartrecordRepositoryInterface" method="getById"/>
        <resources>
            <resource ref="anonymous"/>
        </resources>
    </route>

    <route url="/V1/puma/userdesign/search" method="GET">
        <service class="Puma\EmbodeeIntegration\Api\PrecartrecordRepositoryInterface" method="getList"/>
        <resources>
            <resource ref="anonymous"/>
        </resources>
    </route>

    <route url="/V1/puma/userdesign" method="POST">
        <service class="Puma\EmbodeeIntegration\Api\PrecartrecordRepositoryInterface" method="save"/>
        <resources>
            <resource ref="anonymous"/>
        </resources>
    </route>

    <route url="/V1/puma/userdesign/:precartitemId" method="PUT">
        <service class="Puma\EmbodeeIntegration\Api\PrecartrecordRepositoryInterface" method="save"/>
        <resources>
            <resource ref="anonymous"/>
        </resources>
    </route>



    <route url="/V1/puma/userdesign/:precartitemId" method="DELETE">
        <service class="Puma\EmbodeeIntegration\Api\PrecartrecordRepositoryInterface" method="deleteById"/>
        <resources>
            <resource ref="anonymous"/>
        </resources>
    </route>
</routes>