<?xml version="1.0"?>
<!--
/**
 * WaPoNe
 *
 * @category   WaPoNe
 * @package    WaPoNe_CookieNotification
 * @copyright  Copyright (c) 2017 WaPoNe (http://www.fantetti.net)
 * @license    http://opensource.org/licenses/osl-3.0.php  Open Software License (OSL 3.0)
 */
-->
<config xmlns:xsi="http://www.w3.org/2001/XMLSchema-instance" xsi:noNamespaceSchemaLocation="urn:magento:framework:App/etc/acl.xsd">
    <acl>
        <resources>
            <resource id="Magento_Backend::admin">
                <resource id="Magento_Backend::stores">
                    <resource id="Magento_Backend::stores_settings">
                        <resource id="Magento_Config::config">
                            <resource id="WaPoNe_CookieNotification::config_cookienotification" title="Cookie Notification Section" />
                        </resource>
                    </resource>
                </resource>
            </resource>
        </resources>
    </acl>
</config>