<?xml version="1.0"?>
<!--
/**
 * Copyright © 2015 Magento. All rights reserved.
 * See COPYING.txt for license details.
 */
-->
<config xmlns:xsi="http://www.w3.org/2001/XMLSchema-instance" xsi:noNamespaceSchemaLocation="urn:magento:module:Magento_Config:etc/system_file.xsd">
    <system>
        <section id="quickrfq" translate="label" type="text" sortOrder="100" showInDefault="1" showInWebsite="1" showInStore="1">
            <label>Brand Site (SA) Setting</label>
            <tab>general</tab>
            <resource>Bullitt_Quickrfq::quickrfq</resource>
            <group id="option" translate="label" type="text" sortOrder="10" showInDefault="1" showInWebsite="1" showInStore="1">
                <label>Options South Africa</label>
                <field id="enabled" translate="label" type="select" sortOrder="10" showInDefault="1" showInWebsite="1" showInStore="1">
                    <label>Enable Popup Email</label>
                    <source_model>Magento\Config\Model\Config\Source\Yesno</source_model>                    
                </field>
            </group>
            <group id="email" translate="label" type="text" sortOrder="20" showInDefault="1" showInWebsite="1" showInStore="1">
                <label>Email Options</label>
                <field id="recipient" translate="label" type="text" sortOrder="10" showInDefault="1" showInWebsite="1" showInStore="1">
                    <label>Send Emails To</label>
                    <validate>validate-email</validate>
                </field>
                <field id="sender" translate="label" type="select" sortOrder="20" showInDefault="1" showInWebsite="1" showInStore="1">
                    <label>Email Sender</label>
                    <source_model>Magento\Config\Model\Config\Source\Email\Identity</source_model>
                </field>
                <field id="template" translate="label comment" type="select" sortOrder="30" showInDefault="1" showInWebsite="1" showInStore="1">
                    <label>Email Template</label>
                    <comment>Email template chosen based on theme fallback when "Default" option is selected.</comment>
                    <source_model>Magento\Config\Model\Config\Source\Email\Template</source_model>
                </field>
            </group>
            <group id="google_options" translate="label"  type="text" sortOrder="50" showInDefault="1" showInWebsite="1" showInStore="1">
                <label>Google Captcha Keys</label>
                <field id="captchastatus" translate="label" type="select" sortOrder="10" showInDefault="1" showInWebsite="1" showInStore="1">
                    <label>Enable</label>
                    <source_model>Magento\Config\Model\Config\Source\Yesno</source_model>                    
                </field>
                
                <field id="googleprivatekey" translate="label" type="text" sortOrder="40" showInDefault="1" showInWebsite="1" showInStore="1">
                    <label>Google Captcha Secret Key</label>
                    <validate>required-entry</validate>  
                    <comment>Get Key From https://www.google.com/recaptcha/admin</comment>
                    <depends>
                        <field id="captchastatus">1</field>
                    </depends>
                </field>
                <field id="googlepublickey" translate="label" type="text" sortOrder="30" showInDefault="1" showInWebsite="1" showInStore="1">
                    <label>Google Captcha Site Key</label>
                    <validate>required-entry</validate>  
                    <comment>Get Key From https://www.google.com/recaptcha/admin</comment>
                    <depends>
                        <field id="captchastatus">1</field>
                    </depends>
                </field>
            </group>
        </section>
    </system>
</config>
