<?xml version="1.0"?>
<!--
/**
 * Puma_Customerole extension
 * @category  Puma
 * @package   Puma_Customerole
 * @copyright Copyright (c) 2018
 * @author    Nikesh
 */
-->
<config xmlns:xsi="http://www.w3.org/2001/XMLSchema-instance" xsi:noNamespaceSchemaLocation="urn:magento:framework:ObjectManager/etc/config.xsd">

    <type name="Magento\Company\Model\ResourceModel\Company\Collection">
            <plugin name="roleupdate" type="Puma\Customrole\Plugin\Resultchange" sortOrder="1" />
    </type>

	<type name="Magento\Framework\View\Element\UiComponent\DataProvider\CollectionFactory">
		<arguments>
			<argument name="collections" xsi:type="array">
				<item name="sales_order_grid_data_source" xsi:type="string">Puma\Customrole\Model\ResourceModel\Order\Grid\Collection</item>
			</argument>
		</arguments>
	</type>	

	<type name="Magento\Framework\View\Element\UiComponent\DataProvider\CollectionFactory">
		<arguments>
			<argument name="collections" xsi:type="array">
				<item name="sales_order_shipment_grid_data_source" xsi:type="string"> Puma\Customrole\Model\ResourceModel\Order\Shipment\Grid\Collection</item>
			</argument>
		</arguments>
	</type>	

	
</config>
