<?xml version="1.0"?>
<!--
/**
 * Puma_EmbodeeIntegration extension
 * @category  Puma
 * @package   Puma_EmbodeeIntegration
 * @copyright Copyright (c) 2018
 * @author    Prashant Chaudhary
 */
-->
<config xmlns:xsi="http://www.w3.org/2001/XMLSchema-instance"
        xsi:noNamespaceSchemaLocation="urn:magento:framework:ObjectManager/etc/config.xsd">
    <type name="Puma\EmbodeeIntegration\Controller\Adminhtml\Udcustomerrecord\MassDelete">
        <arguments>
            <argument name="successMessage" xsi:type="string">A total of %1 UD Customer Records have been deleted.
            </argument>
            <argument name="errorMessage" xsi:type="string" translate="true">An error occurred while deleting UD
                Customer Records.
            </argument>
        </arguments>
    </type>
    <type name="Puma\EmbodeeIntegration\Controller\Adminhtml\Precartrecord\MassDelete">
        <arguments>
            <argument name="successMessage" xsi:type="string">A total of %1 Pre Cart Record have been deleted.</argument>
            <argument name="errorMessage" xsi:type="string" translate="true">An error occurred while deleting Pre Cart Record.</argument>
        </arguments>
    </type>
</config>
