<?xml version="1.0"?>
<config xmlns:xsi="http://www.w3.org/2001/XMLSchema-instance"
        xsi:noNamespaceSchemaLocation="urn:magento:module:Magento_Config:etc/system_file.xsd">
    <system>
        <tab id="pumaembodee" translate="label" sortOrder="10">
            <label>Puma Embodee</label>
        </tab>
        <section id="pumaembodeesection" translate="label" sortOrder="10" showInDefault="1" showInWebsite="1"
                 showInStore="1">
            <class>separator-top</class>
            <label>Embodee Settings</label>
            <tab>pumaembodee</tab>
            <resource>Puma_EmbodeeIntegration::embodeeintegration_config</resource>
            <group id="general" translate="label" type="text" sortOrder="1" showInDefault="1" showInWebsite="0"
                   showInStore="0">
                <label>General Configuration</label>
                <field id="enable" translate="label" type="select" sortOrder="1" showInDefault="1" showInWebsite="1"
                       showInStore="1">
                    <label>Enable</label>
                    <source_model>Magento\Config\Model\Config\Source\Yesno</source_model>
                </field>
                <field id="logenable" translate="label" type="select" sortOrder="1" showInDefault="1" showInWebsite="1"
                       showInStore="1">
                    <label>Log Enable</label>
                    <source_model>Magento\Config\Model\Config\Source\Yesno</source_model>
                </field>
                <field id="embourl" translate="label" type="text" sortOrder="1" showInDefault="1" showInWebsite="1"
                       showInStore="1">
                    <label>Embodee Url</label>
                    <comment>This url will used to call js and images from embodee.</comment>
                </field>
                <field id="udtype" translate="label" type="text" sortOrder="1" showInDefault="1" showInWebsite="1"
                       showInStore="1">
                    <label>UD Type</label>
                    <comment>default, inspiration or custom</comment>
                </field>
                <field id="udheight" translate="label" type="text" sortOrder="1" showInDefault="1" showInWebsite="1"
                       showInStore="1">
                    <label>Height</label>
                    <comment>in pixels between 10 and 3000</comment>
                </field>
                <field id="udwidth" translate="label" type="text" sortOrder="1" showInDefault="1" showInWebsite="1"
                       showInStore="1">
                    <label>Width</label>
                    <comment>in pixels between 10 and 3000</comment>
                </field>
                <field id="udformat" translate="label" type="text" sortOrder="1" showInDefault="1" showInWebsite="1"
                       showInStore="1">
                    <label>Format</label>
                    <comment>jpg or png</comment>
                </field>
                <field id="udframe" translate="label" type="text" sortOrder="1" showInDefault="1" showInWebsite="1"
                       showInStore="1">
                    <label>Frame</label>
                    <comment>angle 1 to 8</comment>
                </field>
                <field id="udtypetwo" translate="label" type="text" sortOrder="1" showInDefault="1" showInWebsite="1"
                       showInStore="1">
                    <label>Type2</label>
                    <comment>0 = default view; 1 = PLP view</comment>
                </field>
            </group>
            <group id="generalproduct" translate="label" type="text" sortOrder="1" showInDefault="1" showInWebsite="0"
                   showInStore="0">
                <label>Product Configuration</label>
                <field id="attributeid" translate="label" type="text" sortOrder="1" showInDefault="1" showInWebsite="1"
                       showInStore="1">
                    <label>Size Attribute Id</label>
                    <comment>This url will used to add product to cart with default option.</comment>
                </field>
                <field id="attributeindex" translate="label" type="text" sortOrder="1" showInDefault="1" showInWebsite="1"
                       showInStore="1">
                    <label>Size Option Index</label>
                    <comment>This url will used to add product to cart with default option.</comment>
                </field>
            </group>
        </section>
    </system>
</config>