<?xml version="1.0"?>
<!--
/**
 * Copyright © 2015 Magento. All rights reserved.
 * See COPYING.txt for license details.
 */
-->
<config xmlns:xsi="http://www.w3.org/2001/XMLSchema-instance" xsi:noNamespaceSchemaLocation="urn:magento:framework:Acl/etc/acl.xsd">
    <acl>
        <resources>
            <resource id="Magento_Backend::admin">
                
                <resource id="Bullitt_Extensions::bullittextensions" title="Bullitt Extensions">
                        <resource id="Bullitt_Quickrfq::quickrfq" title="Quick RFQ" sortOrder="30" />                            
                </resource>
                
                <resource id="Magento_Backend::stores">
                    <resource id="Magento_Backend::stores_settings">
                        <resource id="Magento_Config::config">
                            <resource id="Bullitt_Quickrfq::config_quickrfq" title="Quick RFQ Management" />
                        </resource>
                    </resource>
                </resource>
                
            </resource>
        </resources>
    </acl>
</config>