<?xml version="1.0"?>
<config xmlns:xsi="http://www.w3.org/2001/XMLSchema-instance" xsi:noNamespaceSchemaLocation="urn:magento:framework:ObjectManager/etc/config.xsd">
  <preference for="Magento\Catalog\Block\Product\ListProduct" type="Bullitt\Customdesign\Block\Product\ListProduct" />
  <preference for="Magento\Newsletter\Controller\Manage\Index" type="Bullitt\Customdesign\Controller\Manage\Index" />
  <preference for="Magento\Sales\Block\Order\Info" type="Bullitt\Customdesign\Block\Order\Info" />
  <preference for="Magento\Contact\Controller\Index\Post" type="Bullitt\Customdesign\Controller\Index\Post" />
  <preference for="Magento\Contact\Block\ContactForm" type="Bullitt\Customdesign\Block\ContactForm" />
  <preference for="Magento\Checkout\Controller\Account\Create" type="Bullitt\Customdesign\Controller\Magento\Checkout\Account\Create" />
  <preference for="Magento\Customer\Controller\Account\CreatePost" type="Bullitt\Customdesign\Controller\Magento\Customer\Account\CreatePost" />
  <preference for="Magento\Framework\View\Page\Config\Renderer" type="Bullitt\Customdesign\Model\Page\Renderer" />
  <preference for="Magento\Customer\Helper\View" type="Bullitt\Customdesign\Helper\Magento\Customer\View" />
  <preference for="Magento\Sales\Model\Order\Address" type="Bullitt\Customdesign\Model\Magento\Sales\Order\Address" />
  <preference for="Magento\Reminder\Model\Rule" type="Bullitt\Customdesign\Model\Magento\Reminder\Rule" />
  <preference for="Magento\Customer\Model\Data\Address" type="Bullitt\Customdesign\Model\Magento\Customer\Data\Address" />
</config>