<?xml version="1.0"?>
<!--
/**
 * Copyright © 2016 Magento. All rights reserved.
 * See COPYING.txt for license details.
 */
-->
<config xmlns:xsi="http://www.w3.org/2001/XMLSchema-instance" xsi:noNamespaceSchemaLocation="urn:magento:module:Magento_Cron:etc/crontab.xsd">
    <group id="default">
        <job name="cron_inventory_update_ck" instance="Bullitt\ThreePL\Cron\Updateinventoryc" method="execute">
            <schedule>10 * * * *</schedule>
        </job>
        <job name="cron_order_processed_ck" instance="Bullitt\ThreePL\Cron\Orderprocessedc" method="execute">
            <schedule>0 * * * *</schedule>
        </job>
        <job name="cron_order_dispatch_ck" instance="Bullitt\ThreePL\Cron\Orderdispatchc" method="execute">
            <schedule>10 * * * *</schedule>
        </job>
        <job name="cron_order_return_ck" instance="Bullitt\ThreePL\Cron\Orderreturnc" method="execute">
            <schedule>20 * * * *</schedule>
        </job>
        <job name="cron_inventory_update_eb" instance="Bullitt\ThreePL\Cron\UpdateinventoryEB" method="execute">
            <schedule>5 0 * * *</schedule>
        </job>
        <job name="cron_order_processed_eb" instance="Bullitt\ThreePL\Cron\OrderprocessedEB" method="execute">
            <schedule>5 * * * *</schedule>
        </job>
        <job name="cron_order_dispatch_eb" instance="Bullitt\ThreePL\Cron\OrderdispatchEB" method="execute">
            <schedule>15 * * * *</schedule>
        </job>
        <job name="cron_order_return_eb" instance="Bullitt\ThreePL\Cron\OrderreturnEB" method="execute">
            <schedule>25 * * * *</schedule>
        </job>
    </group>
</config>