<?xml version="1.0"?>
<wordpress>
	<database>
		<network_tables>
			<table name="posts" />
			<table name="postmeta" />
			<table name="comments"/>
			<table name="commentmeta"/>
			<table name="options" />
			<table name="terms" />
			<table name="term_relationships" />
			<table name="term_taxonomy" />
		</network_tables>
		<tables>
			<table id="wordpress_blogs" name="blogs" when="after_connect" />
			<table id="wordpress_blogs_versions" name="blogs_versions" when="after_connect"/>
			<table id="wordpress_site" name="site" when="after_connect" meta="sitemeta" />
		</tables>
	</database>
</wordpress>

